--
-- PostgreSQL database dump
--

-- Dumped from database version 12.17 (Ubuntu 12.17-1.pgdg22.04+1)
-- Dumped by pg_dump version 12.17 (Ubuntu 12.17-1.pgdg22.04+1)

SET statement_timeout = 0;
SET lock_timeout = 0;
SET idle_in_transaction_session_timeout = 0;
SET client_encoding = 'UTF8';
SET standard_conforming_strings = on;
SELECT pg_catalog.set_config('search_path', '', false);
SET check_function_bodies = false;
SET xmloption = content;
SET client_min_messages = warning;
SET row_security = off;

DROP DATABASE universe;
--
-- Name: universe; Type: DATABASE; Schema: -; Owner: freecodecamp
--

CREATE DATABASE universe WITH TEMPLATE = template0 ENCODING = 'UTF8' LC_COLLATE = 'C.UTF-8' LC_CTYPE = 'C.UTF-8';


ALTER DATABASE universe OWNER TO freecodecamp;

\connect universe

SET statement_timeout = 0;
SET lock_timeout = 0;
SET idle_in_transaction_session_timeout = 0;
SET client_encoding = 'UTF8';
SET standard_conforming_strings = on;
SELECT pg_catalog.set_config('search_path', '', false);
SET check_function_bodies = false;
SET xmloption = content;
SET client_min_messages = warning;
SET row_security = off;

SET default_tablespace = '';

SET default_table_access_method = heap;

--
-- Name: galaxy; Type: TABLE; Schema: public; Owner: freecodecamp
--

CREATE TABLE public.galaxy (
    galaxy_id integer NOT NULL,
    name character varying NOT NULL,
    age_in_millions_of_years integer,
    distance_from_earth numeric,
    mass integer,
    has_life boolean,
    has_water boolean
);


ALTER TABLE public.galaxy OWNER TO freecodecamp;

--
-- Name: galaxy_galaxy_id_seq; Type: SEQUENCE; Schema: public; Owner: freecodecamp
--

ALTER TABLE public.galaxy ALTER COLUMN galaxy_id ADD GENERATED BY DEFAULT AS IDENTITY (
    SEQUENCE NAME public.galaxy_galaxy_id_seq
    START WITH 1
    INCREMENT BY 1
    NO MINVALUE
    NO MAXVALUE
    CACHE 1
);


--
-- Name: moon; Type: TABLE; Schema: public; Owner: freecodecamp
--

CREATE TABLE public.moon (
    moon_id integer NOT NULL,
    name character varying NOT NULL,
    age_in_millions_of_years integer,
    distance_from_earth numeric,
    mass integer,
    has_life boolean,
    has_water boolean,
    planet_id integer
);


ALTER TABLE public.moon OWNER TO freecodecamp;

--
-- Name: moon_moon_id_seq; Type: SEQUENCE; Schema: public; Owner: freecodecamp
--

ALTER TABLE public.moon ALTER COLUMN moon_id ADD GENERATED BY DEFAULT AS IDENTITY (
    SEQUENCE NAME public.moon_moon_id_seq
    START WITH 1
    INCREMENT BY 1
    NO MINVALUE
    NO MAXVALUE
    CACHE 1
);


--
-- Name: more_info; Type: TABLE; Schema: public; Owner: freecodecamp
--

CREATE TABLE public.more_info (
    more_info_id integer NOT NULL,
    object_id integer NOT NULL,
    description text NOT NULL,
    name character varying NOT NULL
);


ALTER TABLE public.more_info OWNER TO freecodecamp;

--
-- Name: more_info_more_info_id_seq; Type: SEQUENCE; Schema: public; Owner: freecodecamp
--

ALTER TABLE public.more_info ALTER COLUMN more_info_id ADD GENERATED BY DEFAULT AS IDENTITY (
    SEQUENCE NAME public.more_info_more_info_id_seq
    START WITH 1
    INCREMENT BY 1
    NO MINVALUE
    NO MAXVALUE
    CACHE 1
);


--
-- Name: planet; Type: TABLE; Schema: public; Owner: freecodecamp
--

CREATE TABLE public.planet (
    planet_id integer NOT NULL,
    name character varying NOT NULL,
    age_in_millions_of_years integer,
    distance_from_earth numeric,
    mass integer,
    has_life boolean,
    has_water boolean,
    star_id integer NOT NULL
);


ALTER TABLE public.planet OWNER TO freecodecamp;

--
-- Name: planet_planet_id_seq; Type: SEQUENCE; Schema: public; Owner: freecodecamp
--

ALTER TABLE public.planet ALTER COLUMN planet_id ADD GENERATED BY DEFAULT AS IDENTITY (
    SEQUENCE NAME public.planet_planet_id_seq
    START WITH 1
    INCREMENT BY 1
    NO MINVALUE
    NO MAXVALUE
    CACHE 1
);


--
-- Name: star; Type: TABLE; Schema: public; Owner: freecodecamp
--

CREATE TABLE public.star (
    star_id integer NOT NULL,
    name character varying NOT NULL,
    age_in_millions_of_years integer,
    distance_from_earth numeric,
    mass integer,
    has_life boolean,
    has_water boolean,
    galaxy_id integer NOT NULL
);


ALTER TABLE public.star OWNER TO freecodecamp;

--
-- Name: star_star_id_seq; Type: SEQUENCE; Schema: public; Owner: freecodecamp
--

ALTER TABLE public.star ALTER COLUMN star_id ADD GENERATED BY DEFAULT AS IDENTITY (
    SEQUENCE NAME public.star_star_id_seq
    START WITH 1
    INCREMENT BY 1
    NO MINVALUE
    NO MAXVALUE
    CACHE 1
);


--
-- Data for Name: galaxy; Type: TABLE DATA; Schema: public; Owner: freecodecamp
--

INSERT INTO public.galaxy VALUES (1, 'galaxy1', 501, 750.1, 1501, false, true);
INSERT INTO public.galaxy VALUES (2, 'galaxy2', 502, 750.2, 1502, false, true);
INSERT INTO public.galaxy VALUES (3, 'galaxy3', 503, 750.3, 1503, false, true);
INSERT INTO public.galaxy VALUES (4, 'galaxy4', 504, 750.4, 1504, false, true);
INSERT INTO public.galaxy VALUES (5, 'galaxy5', 505, 750.5, 1505, false, true);
INSERT INTO public.galaxy VALUES (6, 'galaxy6', 506, 750.6, 1506, false, true);


--
-- Data for Name: moon; Type: TABLE DATA; Schema: public; Owner: freecodecamp
--

INSERT INTO public.moon VALUES (41, 'moon1', 500, 750.1, 1500, true, true, 15);
INSERT INTO public.moon VALUES (42, 'moon2', 500, 750.1, 1500, true, true, 23);
INSERT INTO public.moon VALUES (43, 'moon3', 500, 750.1, 1500, true, true, 21);
INSERT INTO public.moon VALUES (44, 'moon4', 500, 750.1, 1500, true, true, 13);
INSERT INTO public.moon VALUES (45, 'moon5', 500, 750.1, 1500, true, true, 13);
INSERT INTO public.moon VALUES (46, 'moon6', 500, 750.1, 1500, true, true, 19);
INSERT INTO public.moon VALUES (47, 'moon7', 500, 750.1, 1500, true, true, 13);
INSERT INTO public.moon VALUES (48, 'moon8', 500, 750.1, 1500, true, true, 13);
INSERT INTO public.moon VALUES (49, 'moon9', 500, 750.1, 1500, true, true, 13);
INSERT INTO public.moon VALUES (50, 'moon10', 500, 750.1, 1500, true, true, 14);
INSERT INTO public.moon VALUES (51, 'moon11', 500, 750.1, 1500, true, true, 14);
INSERT INTO public.moon VALUES (52, 'moon12', 500, 750.1, 1500, true, true, 14);
INSERT INTO public.moon VALUES (53, 'moon13', 500, 750.1, 1500, true, true, 13);
INSERT INTO public.moon VALUES (54, 'moon14', 500, 750.1, 1500, true, true, 14);
INSERT INTO public.moon VALUES (55, 'moon15', 500, 750.1, 1500, true, true, 15);
INSERT INTO public.moon VALUES (56, 'moon16', 500, 750.1, 1500, true, true, 16);
INSERT INTO public.moon VALUES (57, 'moon17', 500, 750.1, 1500, true, true, 17);
INSERT INTO public.moon VALUES (58, 'moon18', 500, 750.1, 1500, true, true, 18);
INSERT INTO public.moon VALUES (59, 'moon19', 500, 750.1, 1500, true, true, 19);
INSERT INTO public.moon VALUES (60, 'moon20', 500, 750.1, 1500, true, true, 20);


--
-- Data for Name: more_info; Type: TABLE DATA; Schema: public; Owner: freecodecamp
--

INSERT INTO public.more_info VALUES (1, 1, 'lorem ipsum', 'info1');
INSERT INTO public.more_info VALUES (2, 2, 'lorem ipsum', 'info2');
INSERT INTO public.more_info VALUES (3, 3, 'lorem ipsum', 'info3');
INSERT INTO public.more_info VALUES (4, 4, 'lorem ipsum', 'info4');
INSERT INTO public.more_info VALUES (5, 5, 'lorem ipsum', 'info5');


--
-- Data for Name: planet; Type: TABLE DATA; Schema: public; Owner: freecodecamp
--

INSERT INTO public.planet VALUES (13, 'planet1', 500, 750.1, 1500, false, true, 1);
INSERT INTO public.planet VALUES (14, 'planet2', 500, 750.1, 1500, false, true, 2);
INSERT INTO public.planet VALUES (15, 'planet3', 500, 750.1, 1500, false, true, 3);
INSERT INTO public.planet VALUES (16, 'planet4', 500, 750.1, 1500, false, true, 4);
INSERT INTO public.planet VALUES (17, 'planet5', 500, 750.1, 1500, false, true, 5);
INSERT INTO public.planet VALUES (18, 'planet6', 500, 750.1, 1500, false, true, 6);
INSERT INTO public.planet VALUES (19, 'planet7', 500, 750.1, 1500, false, true, 1);
INSERT INTO public.planet VALUES (20, 'planet8', 500, 750.1, 1500, false, true, 2);
INSERT INTO public.planet VALUES (21, 'planet9', 500, 750.1, 1500, false, true, 3);
INSERT INTO public.planet VALUES (22, 'planet10', 500, 750.1, 1500, false, true, 5);
INSERT INTO public.planet VALUES (23, 'planet11', 500, 750.1, 1500, false, true, 4);
INSERT INTO public.planet VALUES (24, 'planet12', 500, 750.1, 1500, false, true, 1);


--
-- Data for Name: star; Type: TABLE DATA; Schema: public; Owner: freecodecamp
--

INSERT INTO public.star VALUES (1, 'star1', 500, 750.1, 1501, false, true, 1);
INSERT INTO public.star VALUES (2, 'star2', 500, 750.2, 1502, false, true, 2);
INSERT INTO public.star VALUES (3, 'star3', 500, 750.3, 1503, false, true, 3);
INSERT INTO public.star VALUES (4, 'star4', 500, 750.4, 1504, false, true, 4);
INSERT INTO public.star VALUES (5, 'star5', 500, 750.5, 1505, false, true, 5);
INSERT INTO public.star VALUES (6, 'star6', 500, 750.6, 1506, false, true, 6);


--
-- Name: galaxy_galaxy_id_seq; Type: SEQUENCE SET; Schema: public; Owner: freecodecamp
--

SELECT pg_catalog.setval('public.galaxy_galaxy_id_seq', 6, true);


--
-- Name: moon_moon_id_seq; Type: SEQUENCE SET; Schema: public; Owner: freecodecamp
--

SELECT pg_catalog.setval('public.moon_moon_id_seq', 60, true);


--
-- Name: more_info_more_info_id_seq; Type: SEQUENCE SET; Schema: public; Owner: freecodecamp
--

SELECT pg_catalog.setval('public.more_info_more_info_id_seq', 1, false);


--
-- Name: planet_planet_id_seq; Type: SEQUENCE SET; Schema: public; Owner: freecodecamp
--

SELECT pg_catalog.setval('public.planet_planet_id_seq', 24, true);


--
-- Name: star_star_id_seq; Type: SEQUENCE SET; Schema: public; Owner: freecodecamp
--

SELECT pg_catalog.setval('public.star_star_id_seq', 6, true);


--
-- Name: galaxy galaxy_name_key; Type: CONSTRAINT; Schema: public; Owner: freecodecamp
--

ALTER TABLE ONLY public.galaxy
    ADD CONSTRAINT galaxy_name_key UNIQUE (name);


--
-- Name: galaxy galaxy_pkey; Type: CONSTRAINT; Schema: public; Owner: freecodecamp
--

ALTER TABLE ONLY public.galaxy
    ADD CONSTRAINT galaxy_pkey PRIMARY KEY (galaxy_id);


--
-- Name: moon moon_name_key; Type: CONSTRAINT; Schema: public; Owner: freecodecamp
--

ALTER TABLE ONLY public.moon
    ADD CONSTRAINT moon_name_key UNIQUE (name);


--
-- Name: moon moon_pkey; Type: CONSTRAINT; Schema: public; Owner: freecodecamp
--

ALTER TABLE ONLY public.moon
    ADD CONSTRAINT moon_pkey PRIMARY KEY (moon_id);


--
-- Name: more_info more_info_name_key; Type: CONSTRAINT; Schema: public; Owner: freecodecamp
--

ALTER TABLE ONLY public.more_info
    ADD CONSTRAINT more_info_name_key UNIQUE (name);


--
-- Name: more_info more_info_pkey; Type: CONSTRAINT; Schema: public; Owner: freecodecamp
--

ALTER TABLE ONLY public.more_info
    ADD CONSTRAINT more_info_pkey PRIMARY KEY (more_info_id);


--
-- Name: planet planet_name_key; Type: CONSTRAINT; Schema: public; Owner: freecodecamp
--

ALTER TABLE ONLY public.planet
    ADD CONSTRAINT planet_name_key UNIQUE (name);


--
-- Name: planet planet_pkey; Type: CONSTRAINT; Schema: public; Owner: freecodecamp
--

ALTER TABLE ONLY public.planet
    ADD CONSTRAINT planet_pkey PRIMARY KEY (planet_id);


--
-- Name: star star_name_key; Type: CONSTRAINT; Schema: public; Owner: freecodecamp
--

ALTER TABLE ONLY public.star
    ADD CONSTRAINT star_name_key UNIQUE (name);


--
-- Name: star star_pkey; Type: CONSTRAINT; Schema: public; Owner: freecodecamp
--

ALTER TABLE ONLY public.star
    ADD CONSTRAINT star_pkey PRIMARY KEY (star_id);


--
-- Name: star fk_galaxy; Type: FK CONSTRAINT; Schema: public; Owner: freecodecamp
--

ALTER TABLE ONLY public.star
    ADD CONSTRAINT fk_galaxy FOREIGN KEY (galaxy_id) REFERENCES public.galaxy(galaxy_id);


--
-- Name: moon fk_planet; Type: FK CONSTRAINT; Schema: public; Owner: freecodecamp
--

ALTER TABLE ONLY public.moon
    ADD CONSTRAINT fk_planet FOREIGN KEY (planet_id) REFERENCES public.planet(planet_id);


--
-- Name: planet fk_star; Type: FK CONSTRAINT; Schema: public; Owner: freecodecamp
--

ALTER TABLE ONLY public.planet
    ADD CONSTRAINT fk_star FOREIGN KEY (star_id) REFERENCES public.star(star_id);


--
-- PostgreSQL database dump complete
--

